Position,Number,Name,Height,Weight,DOB,From,Team,Division,Conference
G,0,"Bradley, Avery",6 ft 2 in (1.88 m),180 lb (82 kg),1990-11-26,Texas,Boston Celtics,Atlantic,Eastern
F,7,"Brown, Jaylen",6 ft 7 in (2.01 m),225 lb (102 kg),1996-10-24,UC Berkeley,Boston Celtics,Atlantic,Eastern
F,99,"Crowder, Jae",6 ft 6 in (1.98 m),235 lb (107 kg),1990-07-06,Marquette,Boston Celtics,Atlantic,Eastern
G/F,30,"Green, Gerald",6 ft 7 in (2.01 m),205 lb (93 kg),1986-01-26,Gulf Shores Academy HS (TX),Boston Celtics,Atlantic,Eastern
C,42,"Horford, Al",6 ft 10 in (2.08 m),245 lb (111 kg),1986-06-03,Florida,Boston Celtics,Atlantic,Eastern
G,9,"Jackson, Demetrius (DL)",6 ft 1 in (1.85 m),201 lb (91 kg),1994-09-07,Notre Dame,Boston Celtics,Atlantic,Eastern
F,8,"Jerebko, Jonas",6 ft 10 in (2.08 m),231 lb (105 kg),1987-03-02,Sweden,Boston Celtics,Atlantic,Eastern
F,90,"Johnson, Amir",6 ft 9 in (2.06 m),240 lb (109 kg),1987-05-01,Westchester HS (CA),Boston Celtics,Atlantic,Eastern
F,55,"Mickey, Jordan (DL)",6 ft 8 in (2.03 m),235 lb (107 kg),1994-07-09,LSU,Boston Celtics,Atlantic,Eastern
C,41,"Olynyk, Kelly",7 ft 0 in (2.13 m),238 lb (108 kg),1991-04-19,Gonzaga,Boston Celtics,Atlantic,Eastern
G,12,"Rozier, Terry",6 ft 2 in (1.88 m),190 lb (86 kg),1994-03-17,Louisville,Boston Celtics,Atlantic,Eastern
G,36,"Smart, Marcus",6 ft 4 in (1.93 m),220 lb (100 kg),1994-03-06,Oklahoma State,Boston Celtics,Atlantic,Eastern
G,4,"Thomas, Isaiah",5 ft 9 in (1.75 m),185 lb (84 kg),1989-02-07,Washington,Boston Celtics,Atlantic,Eastern
G,13,"Young, James",6 ft 6 in (1.98 m),215 lb (98 kg),1995-08-16,Kentucky,Boston Celtics,Atlantic,Eastern
C,44,"Zeller, Tyler",7 ft 0 in (2.13 m),253 lb (115 kg),1990-01-17,North Carolina,Boston Celtics,Atlantic,Eastern
F,13,"Acy, Quincy",6 ft 7 in (2.01 m),240 lb (109 kg),1990-10-06,Baylor,Brooklyn Nets,Atlantic,Eastern
G/F,44,"Bogdanović, Bojan",6 ft 8 in (2.03 m),225 lb (102 kg),1989-04-18,Croatia,Brooklyn Nets,Atlantic,Eastern
F,35,"Booker, Trevor",6 ft 8 in (2.03 m),228 lb (103 kg),1987-11-25,Clemson,Brooklyn Nets,Atlantic,Eastern
G,8,"Dinwiddie, Spencer",6 ft 6 in (1.98 m),200 lb (91 kg),1993-04-06,Colorado,Brooklyn Nets,Atlantic,Eastern
G,2,"Foye, Randy",6 ft 4 in (1.93 m),218 lb (99 kg),1983-09-24,Villanova,Brooklyn Nets,Atlantic,Eastern
C,41,"Hamilton, Justin",7 ft 0 in (2.13 m),255 lb (116 kg),1990-04-01,LSU,Brooklyn Nets,Atlantic,Eastern
G,12,"Harris, Joe",6 ft 6 in (1.98 m),219 lb (99 kg),1991-09-07,Virginia,Brooklyn Nets,Atlantic,Eastern
F,24,"Hollis-Jefferson, Rondae",6 ft 7 in (2.01 m),214 lb (97 kg),1995-01-03,Arizona,Brooklyn Nets,Atlantic,Eastern
G,6,"Kilpatrick, Sean",6 ft 4 in (1.93 m),219 lb (99 kg),1990-01-06,Cincinnati,Brooklyn Nets,Atlantic,Eastern
G,22,"LeVert, Caris",6 ft 7 in (2.01 m),203 lb (92 kg),1994-08-25,Michigan,Brooklyn Nets,Atlantic,Eastern
G,7,"Lin, Jeremy",6 ft 3 in (1.91 m),200 lb (91 kg),1988-08-23,Harvard,Brooklyn Nets,Atlantic,Eastern
C,11,"Lopez, Brook (C)",7 ft 0 in (2.13 m),268 lb (122 kg),1988-04-01,Stanford,Brooklyn Nets,Atlantic,Eastern
F,1,"McCullough, Chris (DL)",6 ft 9 in (2.06 m),215 lb (98 kg),1995-02-05,Syracuse,Brooklyn Nets,Atlantic,Eastern
F,4,"Scola, Luis",6 ft 9 in (2.06 m),241 lb (109 kg),1980-04-30,Argentina,Brooklyn Nets,Atlantic,Eastern
G,15,"Whitehead, Isaiah",6 ft 5 in (1.96 m),213 lb (97 kg),1995-03-08,Seton Hall,Brooklyn Nets,Atlantic,Eastern
F,7,"Anthony, Carmelo (C)",6 ft 8 in (2.03 m),240 lb (109 kg),1984-05-29,Syracuse,New York Nicks,Atlantic,Eastern
G,31,"Baker, Ron",6 ft 4 in (1.93 m),220 lb (100 kg),1993-03-30,Wichita State,New York Nicks,Atlantic,Eastern
C,14,"Hernangómez, Willy",6 ft 11 in (2.11 m),240 lb (109 kg),1994-05-27,Spain,New York Nicks,Atlantic,Eastern
G/F,8,"Holiday, Justin",6 ft 6 in (1.98 m),185 lb (84 kg),1989-04-05,Washington,New York Nicks,Atlantic,Eastern
G,3,"Jennings, Brandon",6 ft 1 in (1.85 m),170 lb (77 kg),1989-09-23,Oak Hill Academy (VA),New York Nicks,Atlantic,Eastern
F,91,"Kuzminskas, Mindaugas",6 ft 9 in (2.06 m),215 lb (98 kg),1989-10-19,Lithuania,New York Nicks,Atlantic,Eastern
G,5,"Lee, Courtney",6 ft 5 in (1.96 m),200 lb (91 kg),1985-10-03,Western Kentucky,New York Nicks,Atlantic,Eastern
F,2,"Ndour, Maurice",6 ft 9 in (2.06 m),200 lb (91 kg),1992-06-18,Ohio,New York Nicks,Atlantic,Eastern
C,13,"Noah, Joakim",6 ft 11 in (2.11 m),230 lb (104 kg),1985-02-25,Florida,New York Nicks,Atlantic,Eastern
F/C,9,"O'Quinn, Kyle",6 ft 10 in (2.08 m),250 lb (113 kg),1990-03-26,Norfolk State,New York Nicks,Atlantic,Eastern
C,40,"Plumlee, Marshall",7 ft 0 in (2.13 m),250 lb (113 kg),1992-06-14,Duke,New York Nicks,Atlantic,Eastern
F/C,6,"Porziņģis, Kristaps",7 ft 3 in (2.21 m),240 lb (109 kg),1995-08-02,Latvia,New York Nicks,Atlantic,Eastern
G,25,"Rose, Derrick",6 ft 3 in (1.91 m),190 lb (86 kg),1988-10-04,Memphis,New York Nicks,Atlantic,Eastern
F,42,"Thomas, Lance",6 ft 8 in (2.03 m),235 lb (107 kg),1988-04-24,Duke,New York Nicks,Atlantic,Eastern
G,18,"Vujačić, Sasha",6 ft 7 in (2.01 m),195 lb (88 kg),1984-03-08,Slovenia,New York Nicks,Atlantic,Eastern
G,0,"Bayless, Jerryd",6 ft 3 in (1.91 m),200 lb (91 kg),1988-08-20,Arizona,Philadelphia 76ers,Atlantic,Eastern
F,33,"Covington, Robert",6 ft 9 in (2.06 m),215 lb (98 kg),1990-12-14,Tennessee State,Philadelphia 76ers,Atlantic,Eastern
C,21,"Embiid, Joel  (C)",7 ft 2 in (2.18 m),250 lb (113 kg),1994-03-16,Kansas,Philadelphia 76ers,Atlantic,Eastern
G,12,"Henderson, Gerald",6 ft 5 in (1.96 m),215 lb (98 kg),1987-12-09,Duke,Philadelphia 76ers,Atlantic,Eastern
F,22,"Holmes, Richaun",6 ft 10 in (2.08 m),245 lb (111 kg),1993-10-15,Bowling Green,Philadelphia 76ers,Atlantic,Eastern
F,7,"İlyasova, Ersan",6 ft 10 in (2.08 m),235 lb (107 kg),1987-05-15,Turkey,Philadelphia 76ers,Atlantic,Eastern
G/F,20,"Luwawu-Cabarrot, Timothé",6 ft 6 in (1.98 m),205 lb (93 kg),1995-05-09,France,Philadelphia 76ers,Atlantic,Eastern
G,1,"McConnell, T. J.",6 ft 2 in (1.88 m),200 lb (91 kg),1992-03-25,Arizona,Philadelphia 76ers,Atlantic,Eastern
F/C,4,"Noel, Nerlens",6 ft 11 in (2.11 m),228 lb (103 kg),1994-04-10,Kentucky,Philadelphia 76ers,Atlantic,Eastern
C,8,"Okafor, Jahlil",6 ft 11 in (2.11 m),275 lb (125 kg),1995-12-15,Duke,Philadelphia 76ers,Atlantic,Eastern
G,5,"Randle, Chasson",6 ft 2 in (1.88 m),185 lb (84 kg),1993-02-05,Stanford,Philadelphia 76ers,Atlantic,Eastern
G,14,"Rodríguez, Sergio",6 ft 3 in (1.91 m),176 lb (80 kg),1986-06-12,Spain,Philadelphia 76ers,Atlantic,Eastern
F,9,"Šarić, Dario",6 ft 10 in (2.08 m),223 lb (101 kg),1994-04-08,Croatia,Philadelphia 76ers,Atlantic,Eastern
F,25,"Simmons, Ben",6 ft 10 in (2.08 m),240 lb (109 kg),1996-07-20,LSU,Philadelphia 76ers,Atlantic,Eastern
G,11,"Stauskas, Nik",6 ft 6 in (1.98 m),205 lb (93 kg),1993-10-07,Michigan,Philadelphia 76ers,Atlantic,Eastern
F,20,"Caboclo, Bruno (DL)",6 ft 9 in (2.06 m),205 lb (93 kg),1995-09-21,Brazil,Toronto Raptors,Atlantic,Eastern
F,5,"Carroll, DeMarre",6 ft 8 in (2.03 m),212 lb (96 kg),1986-07-27,Missouri,Toronto Raptors,Atlantic,Eastern
G,10,"DeRozan, DeMar (C)",6 ft 7 in (2.01 m),220 lb (100 kg),1989-08-07,Southern California,Toronto Raptors,Atlantic,Eastern
G,6,"Joseph, Cory",6 ft 3 in (1.91 m),190 lb (86 kg),1991-08-20,Texas,Toronto Raptors,Atlantic,Eastern
G,7,"Lowry, Kyle (C)",6 ft 0 in (1.83 m),205 lb (93 kg),1986-03-25,Villanova,Toronto Raptors,Atlantic,Eastern
C,92,"Nogueira, Lucas",7 ft 0 in (2.13 m),220 lb (100 kg),1992-07-26,Brazil,Toronto Raptors,Atlantic,Eastern
F/C,54,"Patterson, Patrick",6 ft 9 in (2.06 m),235 lb (107 kg),1989-03-14,Kentucky,Toronto Raptors,Atlantic,Eastern
F/C,42,"Pöltl, Jakob",7 ft 0 in (2.13 m),230 lb (104 kg),1995-10-15,Utah,Toronto Raptors,Atlantic,Eastern
G,24,"Powell, Norman",6 ft 4 in (1.93 m),215 lb (98 kg),1993-05-25,UCLA,Toronto Raptors,Atlantic,Eastern
G/F,31,"Ross, Terrence",6 ft 7 in (2.01 m),195 lb (88 kg),1991-02-05,Washington,Toronto Raptors,Atlantic,Eastern
F,43,"Siakam, Pascal",6 ft 9 in (2.06 m),230 lb (104 kg),1994-02-04,New Mexico State,Toronto Raptors,Atlantic,Eastern
F,0,"Sullinger, Jared",6 ft 9 in (2.06 m),260 lb (118 kg),1992-03-04,Ohio State,Toronto Raptors,Atlantic,Eastern
C,17,"Valančiūnas, Jonas",7 ft 0 in (2.13 m),255 lb (116 kg),1992-05-06,Lithuania,Toronto Raptors,Atlantic,Eastern
G,23,"VanVleet, Fred",6 ft 0 in (1.83 m),195 lb (88 kg),1994-02-25,Wichita State,Toronto Raptors,Atlantic,Eastern
G,55,"Wright, Delon",6 ft 5 in (1.96 m),190 lb (86 kg),1992-04-26,Utah,Toronto Raptors,Atlantic,Eastern
G/F,21,"Butler, Jimmy  (C)",6 ft 7 in (2.01 m),231 lb (105 kg),1989-09-14,Marquette,Chicago Bulls,Central,Eastern
G,0,"Canaan, Isaiah",6 ft 0 in (1.83 m),201 lb (91 kg),1991-05-21,Murray State,Chicago Bulls,Central,Eastern
G,7,"Carter-Williams, Michael",6 ft 6 in (1.98 m),190 lb (86 kg),1991-10-10,Syracuse,Chicago Bulls,Central,Eastern
C,6,"Felício, Cristiano",6 ft 9 in (2.06 m),266 lb (121 kg),1992-07-07,CCSE Prep (CA),Chicago Bulls,Central,Eastern
F,22,"Gibson, Taj",6 ft 9 in (2.06 m),236 lb (107 kg),1985-06-24,Southern California,Chicago Bulls,Central,Eastern
G,2,"Grant, Jerian",6 ft 4 in (1.93 m),198 lb (90 kg),1992-10-09,Notre Dame,Chicago Bulls,Central,Eastern
C,8,"Lopez, Robin",7 ft 0 in (2.13 m),255 lb (116 kg),1988-04-01,Stanford,Chicago Bulls,Central,Eastern
F,11,"McDermott, Doug",6 ft 8 in (2.03 m),219 lb (99 kg),1992-01-03,Creighton,Chicago Bulls,Central,Eastern
F,44,"Mirotić, Nikola",6 ft 10 in (2.08 m),238 lb (108 kg),1991-02-11,Spain,Chicago Bulls,Central,Eastern
F,5,"Portis, Bobby",6 ft 11 in (2.11 m),246 lb (112 kg),1995-02-10,Arkansas,Chicago Bulls,Central,Eastern
G,9,"Rondo, Rajon",6 ft 1 in (1.85 m),186 lb (84 kg),1986-02-22,Kentucky,Chicago Bulls,Central,Eastern
G,45,"Valentine, Denzel",6 ft 5 in (1.96 m),212 lb (96 kg),1993-11-16,Michigan State,Chicago Bulls,Central,Eastern
G,3,"Wade, Dwyane  (C)",6 ft 4 in (1.93 m),220 lb (100 kg),1982-01-17,Marquette,Chicago Bulls,Central,Eastern
G/F,16,"Zipser, Paul",6 ft 8 in (2.03 m),210 lb (95 kg),1994-02-18,Germany,Chicago Bulls,Central,Eastern
C,0,"Andersen, Chris",6 ft 10 in (2.08 m),245 lb (111 kg),1978-07-07,Blinn,Cleaveland Cavaliers,Central,Eastern
G,20,"Felder, Kay",5 ft 9 in (1.75 m),176 lb (80 kg),1995-03-29,Oakland,Cleaveland Cavaliers,Central,Eastern
F/C,8,"Frye, Channing",6 ft 11 in (2.11 m),255 lb (116 kg),1983-05-17,Arizona,Cleaveland Cavaliers,Central,Eastern
G,2,"Irving, Kyrie (C)",6 ft 3 in (1.91 m),193 lb (88 kg),1992-03-23,Duke,Cleaveland Cavaliers,Central,Eastern
F,23,"James, LeBron (C)",6 ft 8 in (2.03 m),250 lb (113 kg),1984-12-30,St. Vincent-St. Mary HS (OH),Cleaveland Cavaliers,Central,Eastern
F,24,"Jefferson, Richard",6 ft 7 in (2.01 m),233 lb (106 kg),1980-06-21,Arizona,Cleaveland Cavaliers,Central,Eastern
G/F,1,"Jones, James",6 ft 8 in (2.03 m),218 lb (99 kg),1980-10-04,Miami (FL),Cleaveland Cavaliers,Central,Eastern
G/F,26,"Korver, Kyle",6 ft 7 in (2.01 m),212 lb (96 kg),1981-03-17,Creighton,Cleaveland Cavaliers,Central,Eastern
G,14,"Liggins, DeAndre",6 ft 6 in (1.98 m),209 lb (95 kg),1988-03-31,Kentucky,Cleaveland Cavaliers,Central,Eastern
F/C,0,"Love, Kevin (C)",6 ft 10 in (2.08 m),251 lb (114 kg),1988-09-07,UCLA,Cleaveland Cavaliers,Central,Eastern
G,12,"McRae, Jordan",6 ft 5 in (1.96 m),179 lb (81 kg),1991-03-28,Tennessee,Cleaveland Cavaliers,Central,Eastern
G,4,"Shumpert, Iman",6 ft 5 in (1.96 m),220 lb (100 kg),1990-06-26,Georgia Tech,Cleaveland Cavaliers,Central,Eastern
G,5,"Smith, J. R.",6 ft 6 in (1.98 m),225 lb (102 kg),1985-09-09,Saint Benedict's Preparatory (NJ),Cleaveland Cavaliers,Central,Eastern
F/C,13,"Thompson, Tristan",6 ft 9 in (2.06 m),238 lb (108 kg),1991-03-13,Texas,Cleaveland Cavaliers,Central,Eastern
F/C,12,"Baynes, Aron",6 ft 10 in (2.08 m),260 lb (118 kg),1986-12-09,Washington State,Detroit Pistons,Central,Eastern
F,25,"Bullock, Reggie",6 ft 7 in (2.01 m),205 lb (93 kg),1991-03-16,North Carolina,Detroit Pistons,Central,Eastern
G,5,"Caldwell-Pope, Kentavious",6 ft 5 in (1.96 m),205 lb (93 kg),1993-02-18,Georgia,Detroit Pistons,Central,Eastern
C,0,"Drummond, Andre",6 ft 11 in (2.11 m),279 lb (127 kg),1993-08-10,Connecticut,Detroit Pistons,Central,Eastern
F,8,"Ellenson, Henry",6 ft 11 in (2.11 m),245 lb (111 kg),1997-01-13,Marquette,Detroit Pistons,Central,Eastern
G/F,9,"Gbinije, Michael",6 ft 7 in (2.01 m),200 lb (91 kg),1992-06-05,Syracuse,Detroit Pistons,Central,Eastern
F,34,"Harris, Tobias",6 ft 9 in (2.06 m),235 lb (107 kg),1992-07-15,Tennessee,Detroit Pistons,Central,Eastern
G/F,6,"Hilliard, Darrun",6 ft 6 in (1.98 m),205 lb (93 kg),1993-04-13,Villanova,Detroit Pistons,Central,Eastern
G,1,"Jackson, Reggie",6 ft 3 in (1.91 m),208 lb (94 kg),1990-04-16,Boston College,Detroit Pistons,Central,Eastern
F,7,"Johnson, Stanley",6 ft 7 in (2.01 m),245 lb (111 kg),1996-05-29,Arizona,Detroit Pistons,Central,Eastern
F,30,"Leuer, Jon",6 ft 10 in (2.08 m),228 lb (103 kg),1989-05-14,Wisconsin,Detroit Pistons,Central,Eastern
C,51,"Marjanović, Boban",7 ft 3 in (2.21 m),290 lb (132 kg),1988-08-15,Serbia,Detroit Pistons,Central,Eastern
F,13,"Morris, Marcus",6 ft 9 in (2.06 m),235 lb (107 kg),1989-09-02,Kansas,Detroit Pistons,Central,Eastern
G,14,"Smith, Ish",6 ft 0 in (1.83 m),175 lb (79 kg),1988-07-05,Wake Forest,Detroit Pistons,Central,Eastern
G,19,"Udrih, Beno",6 ft 3 in (1.91 m),205 lb (93 kg),1982-07-05,Slovenia,Detroit Pistons,Central,Eastern
F,5,"Allen, Lavoy",6 ft 9 in (2.06 m),260 lb (118 kg),1989-02-04,Temple,Indiana Pacers,Central,Eastern
G,0,"Brooks, Aaron",6 ft 0 in (1.83 m),161 lb (73 kg),1985-01-14,Oregon,Indiana Pacers,Central,Eastern
F,25,"Christmas, Rakeem",6 ft 9 in (2.06 m),250 lb (113 kg),1991-12-01,Syracuse,Indiana Pacers,Central,Eastern
G,11,"Ellis, Monta",6 ft 3 in (1.91 m),185 lb (84 kg),1985-10-26,Lanier HS (MS),Indiana Pacers,Central,Eastern
F,13,"George, Paul (C)",6 ft 9 in (2.06 m),220 lb (100 kg),1990-05-02,Fresno State,Indiana Pacers,Central,Eastern
C,7,"Jefferson, Al",6 ft 10 in (2.08 m),289 lb (131 kg),1985-01-04,Prentiss HS (MS),Indiana Pacers,Central,Eastern
G/F,0,"Miles, C. J.",6 ft 6 in (1.98 m),225 lb (102 kg),1987-03-18,Skyline HS (TX),Indiana Pacers,Central,Eastern
F,32,"Niang, Georges",6 ft 8 in (2.03 m),230 lb (104 kg),1993-06-17,Iowa State,Indiana Pacers,Central,Eastern
G/F,40,"Robinson, Glenn",6 ft 6 in (1.98 m),222 lb (101 kg),1994-01-08,Michigan,Indiana Pacers,Central,Eastern
F/C,1,"Séraphin, Kevin",6 ft 10 in (2.08 m),278 lb (126 kg),1989-12-07,France,Indiana Pacers,Central,Eastern
G,2,"Stuckey, Rodney",6 ft 5 in (1.96 m),205 lb (93 kg),1986-04-21,Eastern Washington,Indiana Pacers,Central,Eastern
G,44,"Teague, Jeff",6 ft 2 in (1.88 m),186 lb (84 kg),1988-06-10,Wake Forest,Indiana Pacers,Central,Eastern
C,33,"Turner, Myles",6 ft 11 in (2.11 m),243 lb (110 kg),1996-03-24,Texas,Indiana Pacers,Central,Eastern
G,3,"Young, Joseph",6 ft 2 in (1.88 m),180 lb (82 kg),1992-06-27,Oregon,Indiana Pacers,Central,Eastern
F,21,"Young, Thaddeus",6 ft 8 in (2.03 m),221 lb (100 kg),1988-06-21,Georgia Tech,Indiana Pacers,Central,Eastern
G/F,34,"Antetokounmpo, Giannis (C)",6 ft 11 in (2.11 m),222 lb (101 kg),1994-12-06,Greece,Milwaukee Bucks,Central,Eastern
F,9,"Beasley, Michael",6 ft 10 in (2.08 m),235 lb (107 kg),1989-01-09,Kansas State,Milwaukee Bucks,Central,Eastern
G,13,"Brogdon, Malcolm",6 ft 5 in (1.96 m),215 lb (98 kg),1992-12-11,Virginia,Milwaukee Bucks,Central,Eastern
G,8,"Dellavedova, Matthew",6 ft 4 in (1.93 m),198 lb (90 kg),1990-09-08,Saint Mary's,Milwaukee Bucks,Central,Eastern
C,0,"Hawes, Spencer",7 ft 1 in (2.16 m),245 lb (111 kg),1988-04-28,Washington,Milwaukee Bucks,Central,Eastern
F/C,31,"Henson, John",6 ft 11 in (2.11 m),229 lb (104 kg),1990-12-28,North Carolina,Milwaukee Bucks,Central,Eastern
C,55,"Hibbert, Roy",7 ft 2 in (2.18 m),270 lb (122 kg),1986-12-11,Georgetown,Milwaukee Bucks,Central,Eastern
F/C,7,"Maker, Thon",7 ft 1 in (2.16 m),223 lb (101 kg),1997-02-25,Orangeville Prep (CAN),Milwaukee Bucks,Central,Eastern
G/F,22,"Middleton, Khris",6 ft 8 in (2.03 m),234 lb (106 kg),1991-08-12,Texas A&M,Milwaukee Bucks,Central,Eastern
F/C,15,"Monroe, Greg",6 ft 11 in (2.11 m),265 lb (120 kg),1990-06-04,Georgetown,Milwaukee Bucks,Central,Eastern
F,12,"Parker, Jabari",6 ft 8 in (2.03 m),250 lb (113 kg),1995-03-15,Duke,Milwaukee Bucks,Central,Eastern
G/F,21,"Snell, Tony",6 ft 7 in (2.01 m),217 lb (98 kg),1991-11-10,New Mexico,Milwaukee Bucks,Central,Eastern
F,35,"Teletović, Mirza",6 ft 9 in (2.06 m),245 lb (111 kg),1985-09-17,Bosnia and Herzegovina,Milwaukee Bucks,Central,Eastern
G,3,"Terry, Jason",6 ft 2 in (1.88 m),185 lb (84 kg),1977-09-15,Arizona,Milwaukee Bucks,Central,Eastern
G,20,"Vaughn, Rashad",6 ft 6 in (1.98 m),202 lb (92 kg),1996-08-16,UNLV,Milwaukee Bucks,Central,Eastern
G/F,24,"Bazemore, Kent",6 ft 5 in (1.96 m),201 lb (91 kg),1989-07-01,Old Dominion,Atlanta Hawks,Southeast,Eastern
F,95,"Bembry, DeAndre'",6 ft 6 in (1.98 m),210 lb (95 kg),1994-07-04,Saint Joseph's,Atlanta Hawks,Southeast,Eastern
G,5,"Delaney, Malcolm",6 ft 3 in (1.91 m),190 lb (86 kg),1989-03-11,Virginia Tech,Atlanta Hawks,Southeast,Eastern
G/F,34,"Dunleavy, Mike",6 ft 9 in (2.06 m),230 lb (104 kg),1980-09-25,Duke,Atlanta Hawks,Southeast,Eastern
G,10,"Hardaway, Tim",6 ft 6 in (1.98 m),205 lb (93 kg),1992-03-16,Michigan,Atlanta Hawks,Southeast,Eastern
C,8,"Howard, Dwight",6 ft 11 in (2.11 m),265 lb (120 kg),1985-12-08,SW Atlanta Academy (GA),Atlanta Hawks,Southeast,Eastern
F/C,43,"Humphries, Kris",6 ft 9 in (2.06 m),235 lb (107 kg),1985-02-06,Minnesota,Atlanta Hawks,Southeast,Eastern
F,4,"Millsap, Paul (C)",6 ft 8 in (2.03 m),246 lb (112 kg),1985-02-10,Louisiana Tech,Atlanta Hawks,Southeast,Eastern
F/C,31,"Muscala, Mike",6 ft 11 in (2.11 m),240 lb (109 kg),1991-07-01,Bucknell,Atlanta Hawks,Southeast,Eastern
G/F,13,"Patterson, Lamar",6 ft 5 in (1.96 m),225 lb (102 kg),1991-08-12,Pittsburgh,Atlanta Hawks,Southeast,Eastern
F,12,"Prince, Taurean",6 ft 8 in (2.03 m),220 lb (100 kg),1994-03-22,Baylor,Atlanta Hawks,Southeast,Eastern
G,17,"Schröder, Dennis (C)",6 ft 1 in (1.85 m),172 lb (78 kg),1993-09-15,Germany,Atlanta Hawks,Southeast,Eastern
F,32,"Scott, Mike",6 ft 8 in (2.03 m),237 lb (108 kg),1988-07-16,Virginia,Atlanta Hawks,Southeast,Eastern
G/F,25,"Sefolosha, Thabo",6 ft 7 in (2.01 m),220 lb (100 kg),1984-05-02,Switzerland,Atlanta Hawks,Southeast,Eastern
C,11,"Splitter, Tiago",6 ft 11 in (2.11 m),245 lb (111 kg),1985-01-01,Brazil,Atlanta Hawks,Southeast,Eastern
G/F,5,"Batum, Nicolas",6 ft 8 in (2.03 m),200 lb (91 kg),1988-12-14,France,Charlotte Hornets,Southeast,Eastern
G,21,"Belinelli, Marco",6 ft 5 in (1.96 m),210 lb (95 kg),1986-03-25,Italy,Charlotte Hornets,Southeast,Eastern
G/F,12,"Graham, Treveon",6 ft 6 in (1.98 m),226 lb (103 kg),1993-10-28,Virginia Commonwealth,Charlotte Hornets,Southeast,Eastern
F/C,44,"Kaminsky, Frank",7 ft 0 in (2.13 m),240 lb (109 kg),1993-04-04,Wisconsin,Charlotte Hornets,Southeast,Eastern
F,14,"Kidd-Gilchrist, Michael",6 ft 7 in (2.01 m),232 lb (105 kg),1993-09-26,Kentucky,Charlotte Hornets,Southeast,Eastern
G,3,"Lamb, Jeremy",6 ft 5 in (1.96 m),185 lb (84 kg),1992-05-30,Connecticut,Charlotte Hornets,Southeast,Eastern
G,30,"McCallum, Ray",6 ft 3 in (1.91 m),190 lb (86 kg),1991-06-12,Detroit,Charlotte Hornets,Southeast,Eastern
F/C,18,"Plumlee, Miles",6 ft 11 in (2.11 m),249 lb (113 kg),1988-09-01,Duke,Charlotte Hornets,Southeast,Eastern
G,22,"Roberts, Brian",6 ft 1 in (1.85 m),173 lb (78 kg),1985-12-03,Dayton,Charlotte Hornets,Southeast,Eastern
G,7,"Sessions, Ramon",6 ft 3 in (1.91 m),190 lb (86 kg),1986-04-11,Nevada,Charlotte Hornets,Southeast,Eastern
C,10,"Tobey, Mike",7 ft 0 in (2.13 m),253 lb (115 kg),1994-10-10,Virginia,Charlotte Hornets,Southeast,Eastern
G,15,"Walker, Kemba (C)",6 ft 1 in (1.85 m),184 lb (83 kg),1990-05-08,Connecticut,Charlotte Hornets,Southeast,Eastern
F,2,"Williams, Marvin",6 ft 9 in (2.06 m),237 lb (108 kg),1986-06-19,North Carolina,Charlotte Hornets,Southeast,Eastern
F,35,"Wood, Christian",6 ft 11 in (2.11 m),220 lb (100 kg),1995-09-27,UNLV,Charlotte Hornets,Southeast,Eastern
C,40,"Zeller, Cody",7 ft 0 in (2.13 m),240 lb (109 kg),1992-10-05,Indiana,Charlotte Hornets,Southeast,Eastern
F,5,"Babbitt, Luke",6 ft 9 in (2.06 m),225 lb (102 kg),1989-06-20,Nevada,Miami Heat,Southeast,Eastern
F/C,1,"Bosh, Chris",6 ft 11 in (2.11 m),235 lb (107 kg),1984-03-24,Georgia Tech,Miami Heat,Southeast,Eastern
G,7,"Dragić, Goran",6 ft 3 in (1.91 m),190 lb (86 kg),1986-05-06,Slovenia,Miami Heat,Southeast,Eastern
G,2,"Ellington, Wayne",6 ft 4 in (1.93 m),200 lb (91 kg),1987-11-29,North Carolina,Miami Heat,Southeast,Eastern
F/C,40,"Haslem, Udonis (C)",6 ft 8 in (2.03 m),235 lb (107 kg),1980-06-09,Florida,Miami Heat,Southeast,Eastern
F,16,"Johnson, James",6 ft 9 in (2.06 m),250 lb (113 kg),1987-02-20,Wake Forest,Miami Heat,Southeast,Eastern
G,8,"Johnson, Tyler",6 ft 4 in (1.93 m),186 lb (84 kg),1992-05-07,Fresno State,Miami Heat,Southeast,Eastern
G,17,"McGruder, Rodney",6 ft 4 in (1.93 m),205 lb (93 kg),1991-07-29,Kansas State,Miami Heat,Southeast,Eastern
F,4,"McRoberts, Josh",6 ft 10 in (2.08 m),240 lb (109 kg),1987-02-28,Duke,Miami Heat,Southeast,Eastern
F/C,35,"Reed, Willie",6 ft 10 in (2.08 m),220 lb (100 kg),1990-05-16,Saint Louis,Miami Heat,Southeast,Eastern
G,0,"Richardson, Josh",6 ft 6 in (1.98 m),200 lb (91 kg),1993-09-15,Tennessee,Miami Heat,Southeast,Eastern
G,11,"Waiters, Dion",6 ft 4 in (1.93 m),220 lb (100 kg),1991-12-10,Syracuse,Miami Heat,Southeast,Eastern
F,15,"White, Okaro",6 ft 8 in (2.03 m),215 lb (98 kg),1992-08-13,Florida State,Miami Heat,Southeast,Eastern
C,21,"Whiteside, Hassan (C)",7 ft 0 in (2.13 m),265 lb (120 kg),1989-06-13,Marshall,Miami Heat,Southeast,Eastern
G/F,20,"Winslow, Justise",6 ft 7 in (2.01 m),225 lb (102 kg),1996-03-26,Duke,Miami Heat,Southeast,Eastern
G,14,"Augustin, D. J.",6 ft 0 in (1.83 m),183 lb (83 kg),1987-11-10,Texas,Orlando Magic,Southeast,Eastern
C,11,"Biyombo, Bismack",6 ft 9 in (2.06 m),255 lb (116 kg),1992-08-28,DR Congo,Orlando Magic,Southeast,Eastern
G,10,"Fournier, Evan (C)",6 ft 7 in (2.01 m),205 lb (93 kg),1992-10-29,France,Orlando Magic,Southeast,Eastern
F,0,"Gordon, Aaron",6 ft 9 in (2.06 m),220 lb (100 kg),1995-09-16,Arizona,Orlando Magic,Southeast,Eastern
F,34,"Green, Jeff",6 ft 9 in (2.06 m),235 lb (107 kg),1986-08-28,Georgetown,Orlando Magic,Southeast,Eastern
G/F,8,"Hezonja, Mario",6 ft 8 in (2.03 m),218 lb (99 kg),1995-02-25,Croatia,Orlando Magic,Southeast,Eastern
F,7,"Ibaka, Serge",6 ft 10 in (2.08 m),235 lb (107 kg),1989-09-18,Spain,Orlando Magic,Southeast,Eastern
G,20,"Meeks, Jodie",6 ft 4 in (1.93 m),210 lb (95 kg),1987-08-21,Kentucky,Orlando Magic,Southeast,Eastern
G,4,"Payton, Elfrid",6 ft 4 in (1.93 m),185 lb (84 kg),1994-02-22,Louisiana-Lafayette,Orlando Magic,Southeast,Eastern
F,3,"Rudež, Damjan",6 ft 10 in (2.08 m),228 lb (103 kg),1986-06-17,Croatia,Orlando Magic,Southeast,Eastern
C,9,"Vučević, Nikola",7 ft 0 in (2.13 m),260 lb (118 kg),1990-10-24,Southern California,Orlando Magic,Southeast,Eastern
G,32,"Watson, C. J.",6 ft 2 in (1.88 m),175 lb (79 kg),1984-04-17,Tennessee,Orlando Magic,Southeast,Eastern
G,23,"Wilcox, C. J.",6 ft 5 in (1.96 m),195 lb (88 kg),1990-12-30,Washington,Orlando Magic,Southeast,Eastern
C,33,"Zimmerman, Stephen (DL)",7 ft 0 in (2.13 m),240 lb (109 kg),1996-09-09,UNLV,Orlando Magic,Southeast,Eastern
G,3,"Beal, Bradley (C)",6 ft 5 in (1.96 m),207 lb (94 kg),1993-06-28,Florida,Washington Wizards,Southeast,Eastern
G,33,"Burke, Trey",6 ft 1 in (1.85 m),191 lb (87 kg),1992-11-12,Michigan,Washington Wizards,Southeast,Eastern
C,13,"Gortat, Marcin",6 ft 11 in (2.11 m),240 lb (109 kg),1984-02-17,Poland,Washington Wizards,Southeast,Eastern
G/F,4,"House, Danuel",6 ft 7 in (2.01 m),215 lb (98 kg),1993-06-07,Texas A&M,Washington Wizards,Southeast,Eastern
C,28,"Mahinmi, Ian",6 ft 11 in (2.11 m),262 lb (119 kg),1986-11-05,France,Washington Wizards,Southeast,Eastern
G/F,9,"McClellan, Sheldon",6 ft 6 in (1.98 m),200 lb (91 kg),1992-12-21,Miami (FL),Washington Wizards,Southeast,Eastern
F,5,"Morris, Markieff",6 ft 10 in (2.08 m),245 lb (111 kg),1989-09-02,Kansas,Washington Wizards,Southeast,Eastern
F,44,"Nicholson, Andrew",6 ft 9 in (2.06 m),250 lb (113 kg),1989-12-08,St. Bonaventure,Washington Wizards,Southeast,Eastern
F,32,"Ochefu, Daniel",6 ft 11 in (2.11 m),245 lb (111 kg),1993-12-15,Villanova,Washington Wizards,Southeast,Eastern
G/F,12,"Oubre, Kelly",6 ft 7 in (2.01 m),205 lb (93 kg),1995-12-09,Kansas,Washington Wizards,Southeast,Eastern
F,22,"Porter, Otto",6 ft 8 in (2.03 m),198 lb (90 kg),1993-06-03,Georgetown,Washington Wizards,Southeast,Eastern
G,31,"Satoranský, Tomáš",6 ft 7 in (2.01 m),210 lb (95 kg),1991-10-30,Czech Republic,Washington Wizards,Southeast,Eastern
F/C,14,"Smith, Jason",7 ft 0 in (2.13 m),240 lb (109 kg),1986-03-02,Colorado State,Washington Wizards,Southeast,Eastern
G,15,"Thornton, Marcus",6 ft 4 in (1.93 m),205 lb (93 kg),1987-06-05,LSU,Washington Wizards,Southeast,Eastern
G,2,"Wall, John (C)",6 ft 4 in (1.93 m),210 lb (95 kg),1990-09-06,Kentucky,Washington Wizards,Southeast,Eastern
G/F,1,"Anderson, Justin",6 ft 6 in (1.98 m),228 lb (103 kg),1993-11-19,Virginia,Dallas Mavericks,Southwest,Western
G,5,"Barea, José Juan",6 ft 0 in (1.83 m),185 lb (84 kg),1984-06-26,Northeastern,Dallas Mavericks,Southwest,Western
F,40,"Barnes, Harrison",6 ft 8 in (2.03 m),225 lb (102 kg),1992-05-30,North Carolina,Dallas Mavericks,Southwest,Western
C,6,"Bogut, Andrew",7 ft 0 in (2.13 m),260 lb (118 kg),1984-12-28,Utah,Dallas Mavericks,Southwest,Western
G/F,9,"Brussino, Nicolás",6 ft 8 in (2.03 m),215 lb (98 kg),1993-03-02,Argentina,Dallas Mavericks,Southwest,Western
G,30,"Curry, Seth",6 ft 2 in (1.88 m),185 lb (84 kg),1990-08-23,Duke,Dallas Mavericks,Southwest,Western
G,11,"Ferrell, Yogi",6 ft 0 in (1.83 m),178 lb (81 kg),1993-05-09,Indiana,Dallas Mavericks,Southwest,Western
F,10,"Finney-Smith, Dorian",6 ft 8 in (2.03 m),220 lb (100 kg),1993-05-04,Florida,Dallas Mavericks,Southwest,Western
C,20,"Hammons, A. J. (DL)",7 ft 0 in (2.13 m),260 lb (118 kg),1992-08-27,Purdue,Dallas Mavericks,Southwest,Western
G,34,"Harris, Devin",6 ft 3 in (1.91 m),185 lb (84 kg),1983-02-27,Wisconsin,Dallas Mavericks,Southwest,Western
G,23,"Matthews, Wesley",6 ft 5 in (1.96 m),220 lb (100 kg),1986-10-14,Marquette,Dallas Mavericks,Southwest,Western
C,50,"Mejri, Salah",7 ft 2 in (2.18 m),245 lb (111 kg),1986-06-15,Tunisia,Dallas Mavericks,Southwest,Western
F,41,"Nowitzki, Dirk (C)",7 ft 0 in (2.13 m),245 lb (111 kg),1978-06-19,Germany,Dallas Mavericks,Southwest,Western
F/C,7,"Powell, Dwight",6 ft 11 in (2.11 m),240 lb (109 kg),1991-07-20,Stanford,Dallas Mavericks,Southwest,Western
G,8,"Williams, Deron",6 ft 3 in (1.91 m),200 lb (91 kg),1984-06-26,Illinois,Dallas Mavericks,Southwest,Western
F,3,"Anderson, Ryan",6 ft 10 in (2.08 m),240 lb (109 kg),1988-05-06,UC Berkeley,Houston Rockets,Southwest,Western
F,1,"Ariza, Trevor",6 ft 8 in (2.03 m),215 lb (98 kg),1985-06-30,UCLA,Houston Rockets,Southwest,Western
G,2,"Beverley, Patrick",6 ft 1 in (1.85 m),185 lb (84 kg),1988-07-12,Arkansas,Houston Rockets,Southwest,Western
G/F,33,"Brewer, Corey",6 ft 9 in (2.06 m),186 lb (84 kg),1986-03-05,Florida,Houston Rockets,Southwest,Western
G,8,"Brown, Bobby",6 ft 2 in (1.88 m),175 lb (79 kg),1984-09-24,Cal State Fullerton,Houston Rockets,Southwest,Western
F/C,15,"Capela, Clint",6 ft 10 in (2.08 m),240 lb (109 kg),1994-05-18,INSEP (FRA),Houston Rockets,Southwest,Western
F,7,"Dekker, Sam",6 ft 9 in (2.06 m),230 lb (104 kg),1994-05-06,Wisconsin,Houston Rockets,Southwest,Western
G,6,"Ennis, Tyler",6 ft 3 in (1.91 m),194 lb (88 kg),1994-08-24,Syracuse,Houston Rockets,Southwest,Western
G,10,"Gordon, Eric",6 ft 4 in (1.93 m),215 lb (98 kg),1988-12-25,Indiana,Houston Rockets,Southwest,Western
G,13,"Harden, James (C)",6 ft 5 in (1.96 m),220 lb (100 kg),1989-08-26,Arizona State,Houston Rockets,Southwest,Western
F,5,"Harrell, Montrezl",6 ft 8 in (2.03 m),240 lb (109 kg),1994-01-26,Louisville,Houston Rockets,Southwest,Western
G/F,32,"McDaniels, K. J.",6 ft 6 in (1.98 m),205 lb (93 kg),1993-02-09,Clemson,Houston Rockets,Southwest,Western
F/C,42,Nenê,6 ft 11 in (2.11 m),250 lb (113 kg),1982-09-13,Brazil,Houston Rockets,Southwest,Western
F/C,21,"Onuaku, Chinanu (DL)",6 ft 10 in (2.08 m),245 lb (111 kg),1996-11-01,Louisville,Houston Rockets,Southwest,Western
F,30,"Wiltjer, Kyle (DL)",6 ft 10 in (2.08 m),240 lb (109 kg),1992-10-20,Gonzaga,Houston Rockets,Southwest,Western
G,9,"Allen, Tony",6 ft 4 in (1.93 m),213 lb (97 kg),1982-01-11,Oklahoma State,Memphis Grizzlies,Southwest,Western
G,4,"Baldwin, Wade (DL)",6 ft 4 in (1.93 m),202 lb (92 kg),1996-03-29,Vanderbilt,Memphis Grizzlies,Southwest,Western
G/F,15,"Carter, Vince",6 ft 6 in (1.98 m),220 lb (100 kg),1977-01-26,North Carolina,Memphis Grizzlies,Southwest,Western
G,11,"Conley, Mike (C)",6 ft 1 in (1.85 m),175 lb (79 kg),1987-10-11,Ohio State,Memphis Grizzlies,Southwest,Western
G,30,"Daniels, Troy",6 ft 4 in (1.93 m),205 lb (93 kg),1991-07-15,Virginia Commonwealth,Memphis Grizzlies,Southwest,Western
G,16,"Douglas, Toney",6 ft 2 in (1.88 m),195 lb (88 kg),1986-03-16,Florida State,Memphis Grizzlies,Southwest,Western
F/C,23,"Davis, Deyonta",6 ft 10 in (2.08 m),240 lb (109 kg),1996-12-02,Michigan State,Memphis Grizzlies,Southwest,Western
F,8,"Ennis, James",6 ft 7 in (2.01 m),210 lb (95 kg),1990-07-01,Long Beach State,Memphis Grizzlies,Southwest,Western
C,33,"Gasol, Marc (C)",7 ft 1 in (2.16 m),255 lb (116 kg),1985-01-29,Lausanne CS (TN),Memphis Grizzlies,Southwest,Western
F,0,"Green, JaMychal",6 ft 9 in (2.06 m),227 lb (103 kg),1990-06-21,Alabama,Memphis Grizzlies,Southwest,Western
G,5,"Harrison, Andrew",6 ft 6 in (1.98 m),213 lb (97 kg),1994-10-28,Kentucky,Memphis Grizzlies,Southwest,Western
F,1,"Martin, Jarell (DL)",6 ft 10 in (2.08 m),239 lb (108 kg),1994-05-24,LSU,Memphis Grizzlies,Southwest,Western
F,25,"Parsons, Chandler",6 ft 10 in (2.08 m),230 lb (104 kg),1988-10-25,Florida,Memphis Grizzlies,Southwest,Western
F,50,"Randolph, Zach",6 ft 9 in (2.06 m),260 lb (118 kg),1981-07-16,Michigan State,Memphis Grizzlies,Southwest,Western
F/C,34,"Wright, Brandan",6 ft 10 in (2.08 m),210 lb (95 kg),1987-10-05,North Carolina,Memphis Grizzlies,Southwest,Western
C,42,"Ajinça, Alexis",7 ft 2 in (2.18 m),248 lb (112 kg),1988-05-06,INSEP (FRA),New Orleans Pelicans,Southwest,Western
C,3,"Aşık, Ömer",7 ft 0 in (2.13 m),255 lb (116 kg),1986-07-04,Turkey,New Orleans Pelicans,Southwest,Western
F,33,"Cunningham, Dante",6 ft 8 in (2.03 m),230 lb (104 kg),1987-04-22,Villanova,New Orleans Pelicans,Southwest,Western
F/C,23,"Davis, Anthony (C)",6 ft 11 in (2.11 m),253 lb (115 kg),1993-03-11,Kentucky,New Orleans Pelicans,Southwest,Western
F/C,13,"Diallo, Cheick (DL)",6 ft 9 in (2.06 m),220 lb (100 kg),1996-09-13,Kansas,New Orleans Pelicans,Southwest,Western
G/F,1,"Evans, Tyreke",6 ft 6 in (1.98 m),220 lb (100 kg),1989-09-19,Memphis,New Orleans Pelicans,Southwest,Western
G,2,"Frazier, Tim",6 ft 1 in (1.85 m),170 lb (77 kg),1990-11-01,Penn State,New Orleans Pelicans,Southwest,Western
G,10,"Galloway, Langston",6 ft 2 in (1.88 m),200 lb (91 kg),1991-12-09,Saint Joseph's,New Orleans Pelicans,Southwest,Western
G,24,"Hield, Buddy",6 ft 4 in (1.93 m),214 lb (97 kg),1993-12-17,Oklahoma,New Orleans Pelicans,Southwest,Western
F,44,"Hill, Solomon",6 ft 7 in (2.01 m),225 lb (102 kg),1991-03-18,Arizona,New Orleans Pelicans,Southwest,Western
G,11,"Holiday, Jrue",6 ft 4 in (1.93 m),205 lb (93 kg),1990-06-12,UCLA,New Orleans Pelicans,Southwest,Western
F,9,"Jones, Terrence",6 ft 9 in (2.06 m),255 lb (116 kg),1992-01-09,Kentucky,New Orleans Pelicans,Southwest,Western
G,55,"Moore, E'Twaun",6 ft 4 in (1.93 m),191 lb (87 kg),1989-02-25,Purdue,New Orleans Pelicans,Southwest,Western
F/C,12,"Motiejūnas, Donatas",7 ft 0 in (2.13 m),222 lb (101 kg),1990-09-20,Lithuania,New Orleans Pelicans,Southwest,Western
G/F,20,"Pondexter, Quincy",6 ft 7 in (2.01 m),225 lb (102 kg),1988-03-10,Washington,New Orleans Pelicans,Southwest,Western
F/C,12,"Aldridge, LaMarcus (C)",6 ft 11 in (2.11 m),260 lb (118 kg),1985-07-19,Texas,San Antonio Spurs,Southwest,Western
F,1,"Anderson, Kyle",6 ft 9 in (2.06 m),230 lb (104 kg),1993-09-20,UCLA,San Antonio Spurs,Southwest,Western
C,30,"Anthony, Joel",6 ft 9 in (2.06 m),245 lb (111 kg),1982-08-09,UNLV,San Antonio Spurs,Southwest,Western
F,42,"Bertāns, Dāvis",6 ft 10 in (2.08 m),210 lb (95 kg),1992-11-12,Latvia,San Antonio Spurs,Southwest,Western
C,3,"Dedmon, Dewayne",7 ft 0 in (2.13 m),245 lb (111 kg),1989-08-12,Southern California,San Antonio Spurs,Southwest,Western
G,11,"Forbes, Bryn",6 ft 3 in (1.91 m),190 lb (86 kg),1993-07-23,Michigan State,San Antonio Spurs,Southwest,Western
F/C,16,"Gasol, Pau",7 ft 0 in (2.13 m),250 lb (113 kg),1980-07-06,Spain,San Antonio Spurs,Southwest,Western
G,20,"Ginóbili, Manu (C)",6 ft 6 in (1.98 m),205 lb (93 kg),1977-07-28,Argentina,San Antonio Spurs,Southwest,Western
G,14,"Green, Danny",6 ft 6 in (1.98 m),215 lb (98 kg),1987-06-22,North Carolina,San Antonio Spurs,Southwest,Western
F/C,10,"Lee, David",6 ft 9 in (2.06 m),245 lb (111 kg),1983-04-29,Florida,San Antonio Spurs,Southwest,Western
F,2,"Leonard, Kawhi (C)",6 ft 7 in (2.01 m),230 lb (104 kg),1991-06-29,San Diego State,San Antonio Spurs,Southwest,Western
G,8,"Mills, Patty",6 ft 0 in (1.83 m),185 lb (84 kg),1988-08-11,Saint Mary's,San Antonio Spurs,Southwest,Western
G,5,"Murray, Dejounte",6 ft 5 in (1.96 m),170 lb (77 kg),1996-09-19,Washington,San Antonio Spurs,Southwest,Western
G,9,"Parker, Tony (C)",6 ft 2 in (1.88 m),185 lb (84 kg),1982-05-17,INSEP (FRA),San Antonio Spurs,Southwest,Western
G/F,17,"Simmons, Jonathon",6 ft 6 in (1.98 m),195 lb (88 kg),1989-09-14,Houston,San Antonio Spurs,Southwest,Western
F,0,"Arthur, Darrell",6 ft 9 in (2.06 m),235 lb (107 kg),1988-03-25,Kansas,Denver Nuggets,Northwest,Western
G,5,"Barton, Will",6 ft 6 in (1.98 m),175 lb (79 kg),1991-01-06,Memphis,Denver Nuggets,Northwest,Western
G,25,"Beasley, Malik",6 ft 5 in (1.96 m),196 lb (89 kg),1996-11-26,Florida State,Denver Nuggets,Northwest,Western
F,21,"Chandler, Wilson",6 ft 8 in (2.03 m),225 lb (102 kg),1987-05-10,DePaul,Denver Nuggets,Northwest,Western
F,35,"Faried, Kenneth",6 ft 8 in (2.03 m),228 lb (103 kg),1989-11-19,Morehead State,Denver Nuggets,Northwest,Western
F,8,"Gallinari, Danilo",6 ft 10 in (2.08 m),225 lb (102 kg),1988-08-08,Italy,Denver Nuggets,Northwest,Western
G,14,"Harris, Gary",6 ft 4 in (1.93 m),210 lb (95 kg),1994-09-14,Michigan State,Denver Nuggets,Northwest,Western
F,41,"Hernangómez, Juan",6 ft 9 in (2.06 m),230 lb (104 kg),1995-09-28,Spain,Denver Nuggets,Northwest,Western
F/C,15,"Jokić, Nikola",6 ft 11 in (2.11 m),250 lb (113 kg),1995-02-19,Serbia,Denver Nuggets,Northwest,Western
G/F,3,"Miller, Mike",6 ft 8 in (2.03 m),218 lb (99 kg),1980-02-19,Florida,Denver Nuggets,Northwest,Western
G,0,"Mudiay, Emmanuel",6 ft 5 in (1.96 m),200 lb (91 kg),1996-03-05,Prime Prep Academy (TX),Denver Nuggets,Northwest,Western
G,27,"Murray, Jamal",6 ft 4 in (1.93 m),207 lb (94 kg),1997-02-23,Kentucky,Denver Nuggets,Northwest,Western
G,1,"Nelson, Jameer",6 ft 0 in (1.83 m),190 lb (86 kg),1982-02-09,Saint Joseph's,Denver Nuggets,Northwest,Western
C,23,"Nurkić, Jusuf",7 ft 0 in (2.13 m),280 lb (127 kg),1994-08-23,Bosnia and Herzegovina,Denver Nuggets,Northwest,Western
F/C,9,"O'Bryant, Johnny",6 ft 9 in (2.06 m),257 lb (117 kg),1993-06-01,LSU,Denver Nuggets,Northwest,Western
C,45,"Aldrich, Cole",6 ft 11 in (2.11 m),250 lb (113 kg),1988-10-31,Kansas,Minnesota Timberwolves,Northwest,Western
F,88,"Bjelica, Nemanja",6 ft 10 in (2.08 m),225 lb (102 kg),1988-05-09,Serbia,Minnesota Timberwolves,Northwest,Western
F/C,5,"Dieng, Gorgui",6 ft 11 in (2.11 m),240 lb (109 kg),1990-01-18,Louisville,Minnesota Timberwolves,Northwest,Western
G,3,"Dunn, Kris",6 ft 4 in (1.93 m),205 lb (93 kg),1994-03-18,Providence,Minnesota Timberwolves,Northwest,Western
F/C,27,"Hill, Jordan",6 ft 10 in (2.08 m),240 lb (109 kg),1987-07-27,Arizona,Minnesota Timberwolves,Northwest,Western
G,1,"Jones, Tyus",6 ft 2 in (1.88 m),195 lb (88 kg),1996-05-10,Duke,Minnesota Timberwolves,Northwest,Western
G,8,"LaVine, Zach  (C)",6 ft 5 in (1.96 m),189 lb (86 kg),1995-03-10,UCLA,Minnesota Timberwolves,Northwest,Western
G/F,15,"Muhammad, Shabazz",6 ft 6 in (1.98 m),223 lb (101 kg),1992-11-13,UCLA,Minnesota Timberwolves,Northwest,Western
F,33,"Payne, Adreian",6 ft 10 in (2.08 m),237 lb (108 kg),1991-02-19,Michigan State,Minnesota Timberwolves,Northwest,Western
C,14,"Peković, Nikola",6 ft 11 in (2.11 m),307 lb (139 kg),1986-01-03,Montenegro,Minnesota Timberwolves,Northwest,Western
G,9,"Rubio, Ricky",6 ft 4 in (1.93 m),190 lb (86 kg),1990-10-21,Spain,Minnesota Timberwolves,Northwest,Western
G/F,4,"Rush, Brandon",6 ft 6 in (1.98 m),225 lb (102 kg),1985-07-07,Kansas,Minnesota Timberwolves,Northwest,Western
G,7,"Stephenson, Lance",6 ft 5 in (1.96 m),230 lb (104 kg),1990-09-05,Cincinnati,Minnesota Timberwolves,Northwest,Western
C,32,"Towns, Karl-Anthony (C)",7 ft 0 in (2.13 m),244 lb (111 kg),1995-11-15,Kentucky,Minnesota Timberwolves,Northwest,Western
F,22,"Wiggins, Andrew (C)",6 ft 8 in (2.03 m),199 lb (90 kg),1995-02-23,Kansas,Minnesota Timberwolves,Northwest,Western
G/F,8,"Abrines, Álex",6 ft 6 in (1.98 m),190 lb (86 kg),1993-08-01,Spain,Oklahoma City Thunder,Northwest,Western
C,12,"Adams, Steven",7 ft 0 in (2.13 m),255 lb (116 kg),1993-07-20,Pittsburgh,Oklahoma City Thunder,Northwest,Western
G,6,"Christon, Semaj",6 ft 3 in (1.91 m),190 lb (86 kg),1992-11-01,Xavier,Oklahoma City Thunder,Northwest,Western
F/C,4,"Collison, Nick",6 ft 10 in (2.08 m),255 lb (116 kg),1980-10-26,Kansas,Oklahoma City Thunder,Northwest,Western
F,9,"Grant, Jerami",6 ft 8 in (2.03 m),210 lb (95 kg),1994-03-12,Syracuse,Oklahoma City Thunder,Northwest,Western
F,34,"Huestis, Josh (DL)",6 ft 7 in (2.01 m),230 lb (104 kg),1991-12-19,Stanford,Oklahoma City Thunder,Northwest,Western
C,11,"Kanter, Enes",6 ft 11 in (2.11 m),245 lb (111 kg),1992-05-20,Stoneridge PS (CA),Oklahoma City Thunder,Northwest,Western
F/C,77,"Lauvergne, Joffrey",6 ft 11 in (2.11 m),220 lb (100 kg),1991-09-30,France,Oklahoma City Thunder,Northwest,Western
G,2,"Morrow, Anthony",6 ft 5 in (1.96 m),210 lb (95 kg),1985-09-27,Georgia Tech,Oklahoma City Thunder,Northwest,Western
G,5,"Oladipo, Victor",6 ft 4 in (1.93 m),210 lb (95 kg),1992-05-04,Indiana,Oklahoma City Thunder,Northwest,Western
G,22,"Payne, Cameron",6 ft 3 in (1.91 m),185 lb (84 kg),1994-08-08,Murray State,Oklahoma City Thunder,Northwest,Western
G/F,21,"Roberson, André",6 ft 7 in (2.01 m),210 lb (95 kg),1991-12-04,Colorado,Oklahoma City Thunder,Northwest,Western
F/C,3,"Sabonis, Domantas",6 ft 11 in (2.11 m),240 lb (109 kg),1996-05-03,Gonzaga,Oklahoma City Thunder,Northwest,Western
F,15,"Singler, Kyle",6 ft 8 in (2.03 m),228 lb (103 kg),1988-05-04,Duke,Oklahoma City Thunder,Northwest,Western
G,0,"Westbrook, Russell (C)",6 ft 3 in (1.91 m),200 lb (91 kg),1988-11-12,UCLA,Oklahoma City Thunder,Northwest,Western
F,8,"Aminu, Al-Farouq",6 ft 9 in (2.06 m),220 lb (100 kg),1990-09-21,Wake Forest,Portland Trailblazers,Northwest,Western
G,5,"Connaughton, Pat",6 ft 5 in (1.96 m),210 lb (95 kg),1993-01-06,Notre Dame,Portland Trailblazers,Northwest,Western
F,23,"Crabbe, Allen",6 ft 6 in (1.98 m),215 lb (98 kg),1992-04-09,UC Berkeley,Portland Trailblazers,Northwest,Western
F,17,"Davis, Ed",6 ft 10 in (2.08 m),245 lb (111 kg),1989-06-05,North Carolina,Portland Trailblazers,Northwest,Western
C,31,"Ezeli, Festus",6 ft 11 in (2.11 m),265 lb (120 kg),1989-10-21,Vanderbilt,Portland Trailblazers,Northwest,Western
F,4,"Harkless, Maurice",6 ft 9 in (2.06 m),220 lb (100 kg),1993-05-11,St. John's,Portland Trailblazers,Northwest,Western
F,10,"Layman, Jake",6 ft 9 in (2.06 m),210 lb (95 kg),1994-07-24,Maryland,Portland Trailblazers,Northwest,Western
F/C,11,"Leonard, Meyers",7 ft 1 in (2.16 m),255 lb (116 kg),1992-02-27,Illinois,Portland Trailblazers,Northwest,Western
G,0,"Lillard, Damian (C)",6 ft 3 in (1.91 m),195 lb (88 kg),1990-07-15,Weber State,Portland Trailblazers,Northwest,Western
G,3,"McCollum, C. J. (C)",6 ft 3 in (1.91 m),190 lb (86 kg),1991-09-19,Lehigh,Portland Trailblazers,Northwest,Western
G,6,"Napier, Shabazz",6 ft 1 in (1.85 m),175 lb (79 kg),1991-07-14,Connecticut,Portland Trailblazers,Northwest,Western
C,24,"Plumlee, Mason",6 ft 11 in (2.11 m),255 lb (116 kg),1990-03-05,Duke,Portland Trailblazers,Northwest,Western
G,55,"Quarterman, Tim (DL)",6 ft 6 in (1.98 m),190 lb (86 kg),1994-10-27,LSU,Portland Trailblazers,Northwest,Western
G/F,1,"Turner, Evan",6 ft 7 in (2.01 m),220 lb (100 kg),1988-10-27,Ohio State,Portland Trailblazers,Northwest,Western
F,21,"Vonleh, Noah",6 ft 9 in (2.06 m),245 lb (111 kg),1995-08-24,Indiana,Portland Trailblazers,Northwest,Western
F/C,21,"Bolomboy, Joel (DL)",6 ft 9 in (2.06 m),235 lb (107 kg),1994-01-28,Weber State,Utah Jazz,Northwest,Western
G,10,"Burks, Alec",6 ft 6 in (1.98 m),214 lb (97 kg),1991-07-20,Colorado,Utah Jazz,Northwest,Western
F/C,33,"Diaw, Boris",6 ft 8 in (2.03 m),250 lb (113 kg),1982-04-16,INSEP (FRA),Utah Jazz,Northwest,Western
G,11,"Exum, Dante",6 ft 6 in (1.98 m),190 lb (86 kg),1995-07-13,Lake Ginninderra (AUS),Utah Jazz,Northwest,Western
F/C,15,"Favors, Derrick",6 ft 10 in (2.08 m),265 lb (120 kg),1991-07-15,Georgia Tech,Utah Jazz,Northwest,Western
C,27,"Gobert, Rudy",7 ft 1 in (2.16 m),245 lb (111 kg),1992-06-26,France,Utah Jazz,Northwest,Western
F,20,"Hayward, Gordon (C)",6 ft 8 in (2.03 m),226 lb (103 kg),1990-03-23,Butler,Utah Jazz,Northwest,Western
G,3,"Hill, George (C)",6 ft 3 in (1.91 m),188 lb (85 kg),1986-05-04,IUPUI,Utah Jazz,Northwest,Western
G,5,"Hood, Rodney (C)",6 ft 8 in (2.03 m),206 lb (93 kg),1992-10-20,Duke,Utah Jazz,Northwest,Western
G/F,2,"Ingles, Joe",6 ft 8 in (2.03 m),226 lb (103 kg),1987-10-02,Lake Ginninderra (AUS),Utah Jazz,Northwest,Western
G/F,6,"Johnson, Joe",6 ft 7 in (2.01 m),240 lb (109 kg),1981-06-29,Arkansas,Utah Jazz,Northwest,Western
F,41,"Lyles, Trey",6 ft 10 in (2.08 m),234 lb (106 kg),1995-11-05,Kentucky,Utah Jazz,Northwest,Western
G,8,"Mack, Shelvin",6 ft 3 in (1.91 m),203 lb (92 kg),1990-04-22,Butler,Utah Jazz,Northwest,Western
G,25,"Neto, Raul",6 ft 1 in (1.85 m),179 lb (81 kg),1992-05-19,Brazil,Utah Jazz,Northwest,Western
C,24,"Withey, Jeff",7 ft 0 in (2.13 m),231 lb (105 kg),1990-03-07,Kansas,Utah Jazz,Northwest,Western
G,21,"Clark, Ian",6 ft 3 in (1.91 m),175 lb (79 kg),1991-03-07,Belmont,Golden State Warriors,Pacific,Western
G,30,"Curry, Stephen (C)",6 ft 3 in (1.91 m),190 lb (86 kg),1988-03-14,Davidson,Golden State Warriors,Pacific,Western
F,35,"Durant, Kevin (C)",6 ft 9 in (2.06 m),240 lb (109 kg),1988-09-29,Texas,Golden State Warriors,Pacific,Western
F,23,"Green, Draymond (C)",6 ft 7 in (2.01 m),230 lb (104 kg),1990-03-04,Michigan State,Golden State Warriors,Pacific,Western
G/F,9,"Iguodala, Andre (C)",6 ft 6 in (1.98 m),215 lb (98 kg),1984-01-28,Arizona,Golden State Warriors,Pacific,Western
C,15,"Jones, Damian",7 ft 0 in (2.13 m),245 lb (111 kg),1995-06-30,Vanderbilt,Golden State Warriors,Pacific,Western
G,34,"Livingston, Shaun",6 ft 7 in (2.01 m),192 lb (87 kg),1985-09-11,Peoria Central HS (IL),Golden State Warriors,Pacific,Western
F,5,"Looney, Kevon",6 ft 9 in (2.06 m),220 lb (100 kg),1996-02-06,UCLA,Golden State Warriors,Pacific,Western
F,20,"McAdoo, James Michael",6 ft 9 in (2.06 m),240 lb (109 kg),1993-01-04,North Carolina,Golden State Warriors,Pacific,Western
G,0,"McCaw, Patrick",6 ft 7 in (2.01 m),185 lb (84 kg),1995-10-25,UNLV,Golden State Warriors,Pacific,Western
C,1,"McGee, JaVale",7 ft 0 in (2.13 m),270 lb (122 kg),1988-01-19,Nevada,Golden State Warriors,Pacific,Western
C,27,"Pachulia, Zaza",6 ft 11 in (2.11 m),275 lb (125 kg),1984-02-10,Georgia,Golden State Warriors,Pacific,Western
G,11,"Thompson, Klay (C)",6 ft 7 in (2.01 m),215 lb (98 kg),1990-02-08,Washington State,Golden State Warriors,Pacific,Western
G,2,"Weber, Brianté",6 ft 2 in (1.88 m),165 lb (75 kg),1992-12-29,Virginia Commonwealth,Golden State Warriors,Pacific,Western
F,3,"West, David",6 ft 9 in (2.06 m),250 lb (113 kg),1980-08-29,Xavier,Golden State Warriors,Pacific,Western
G/F,9,"Anderson, Alan",6 ft 6 in (1.98 m),220 lb (100 kg),1982-10-06,Michigan State,Los Angeles Clippers,Pacific,Western
F,30,"Bass, Brandon",6 ft 8 in (2.03 m),250 lb (113 kg),1985-04-30,LSU,Los Angeles Clippers,Pacific,Western
G,11,"Crawford, Jamal",6 ft 5 in (1.96 m),195 lb (88 kg),1980-03-20,Michigan,Los Angeles Clippers,Pacific,Western
G,2,"Felton, Raymond",6 ft 1 in (1.85 m),205 lb (93 kg),1984-06-26,North Carolina,Los Angeles Clippers,Pacific,Western
F,32,"Griffin, Blake (C)",6 ft 10 in (2.08 m),251 lb (114 kg),1989-03-16,Oklahoma,Los Angeles Clippers,Pacific,Western
F,10,"Johnson, Brice",6 ft 10 in (2.08 m),230 lb (104 kg),1994-06-27,North Carolina,Los Angeles Clippers,Pacific,Western
G/F,33,"Johnson, Wesley",6 ft 7 in (2.01 m),215 lb (98 kg),1987-07-11,Syracuse,Los Angeles Clippers,Pacific,Western
C,6,"Jordan, DeAndre",6 ft 11 in (2.11 m),265 lb (120 kg),1988-07-21,Texas A&M,Los Angeles Clippers,Pacific,Western
F,12,"Mbah a Moute, Luc",6 ft 8 in (2.03 m),230 lb (104 kg),1986-09-09,UCLA,Los Angeles Clippers,Pacific,Western
G,3,"Paul, Chris  (C)",6 ft 0 in (1.83 m),175 lb (79 kg),1985-05-06,Wake Forest,Los Angeles Clippers,Pacific,Western
F,34,"Pierce, Paul",6 ft 7 in (2.01 m),235 lb (107 kg),1977-10-13,Kansas,Los Angeles Clippers,Pacific,Western
G,4,"Redick, J. J.",6 ft 4 in (1.93 m),190 lb (86 kg),1984-06-24,Duke,Los Angeles Clippers,Pacific,Western
G,25,"Rivers, Austin",6 ft 4 in (1.93 m),200 lb (91 kg),1992-08-01,Duke,Los Angeles Clippers,Pacific,Western
F/C,5,"Speights, Marreese",6 ft 10 in (2.08 m),255 lb (116 kg),1987-08-04,Florida,Los Angeles Clippers,Pacific,Western
C,0,"Stone, Diamond (DL)",6 ft 11 in (2.11 m),255 lb (116 kg),1997-02-10,Maryland,Los Angeles Clippers,Pacific,Western
F/C,28,"Black, Tarik",6 ft 9 in (2.06 m),250 lb (113 kg),1991-11-22,Kansas,Los Angeles Lakers,Pacific,Western
G,5,"Calderón, José",6 ft 3 in (1.91 m),200 lb (91 kg),1981-09-28,Spain,Los Angeles Lakers,Pacific,Western
G,6,"Clarkson, Jordan (C)",6 ft 5 in (1.96 m),194 lb (88 kg),1992-06-07,Missouri,Los Angeles Lakers,Pacific,Western
F,9,"Deng, Luol",6 ft 9 in (2.06 m),220 lb (100 kg),1985-03-16,Duke,Los Angeles Lakers,Pacific,Western
G,4,"Huertas, Marcelo",6 ft 3 in (1.91 m),200 lb (91 kg),1983-05-25,Coppell HS (TX),Los Angeles Lakers,Pacific,Western
F,14,"Ingram, Brandon",6 ft 9 in (2.06 m),190 lb (86 kg),1997-09-02,Duke,Los Angeles Lakers,Pacific,Western
C,20,"Mozgov, Timofey",7 ft 1 in (2.16 m),275 lb (125 kg),1986-07-16,Russia,Los Angeles Lakers,Pacific,Western
F,7,"Nance, Larry",6 ft 9 in (2.06 m),230 lb (104 kg),1993-01-01,Wyoming,Los Angeles Lakers,Pacific,Western
F,30,"Randle, Julius",6 ft 9 in (2.06 m),250 lb (113 kg),1994-11-29,Kentucky,Los Angeles Lakers,Pacific,Western
F,15,"Robinson, Thomas",6 ft 10 in (2.08 m),237 lb (108 kg),1991-03-17,Kansas,Los Angeles Lakers,Pacific,Western
G,1,"Russell, D'Angelo (C)",6 ft 5 in (1.96 m),195 lb (88 kg),1996-02-23,Ohio State,Los Angeles Lakers,Pacific,Western
G,23,"Williams, Lou",6 ft 1 in (1.85 m),175 lb (79 kg),1986-10-27,South Gwinnett HS (GA),Los Angeles Lakers,Pacific,Western
F,37,"World Peace, Metta",6 ft 7 in (2.01 m),260 lb (118 kg),1979-11-13,St. John's,Los Angeles Lakers,Pacific,Western
G/F,0,"Young, Nick",6 ft 7 in (2.01 m),210 lb (95 kg),1985-06-01,Southern California,Los Angeles Lakers,Pacific,Western
C,40,"Zubac, Ivica",7 ft 1 in (2.16 m),240 lb (109 kg),1997-03-18,Croatia,Los Angeles Lakers,Pacific,Western
G,19,"Barbosa, Leandro",6 ft 3 in (1.91 m),194 lb (88 kg),1982-11-28,Brazil,Phoenix Suns,Pacific,Western
F/C,35,"Bender, Dragan",7 ft 1 in (2.16 m),225 lb (102 kg),1997-11-17,Croatia,Phoenix Suns,Pacific,Western
G,2,"Bledsoe, Eric (C)",6 ft 1 in (1.85 m),205 lb (93 kg),1989-12-09,Kentucky,Phoenix Suns,Pacific,Western
G,1,"Booker, Devin (C)",6 ft 6 in (1.98 m),206 lb (93 kg),1996-10-30,Kentucky,Phoenix Suns,Pacific,Western
C,4,"Chandler, Tyson",7 ft 1 in (2.16 m),240 lb (109 kg),1982-10-02,Manuel Dominguez HS (CA),Phoenix Suns,Pacific,Western
F,0,"Chriss, Marquese",6 ft 10 in (2.08 m),233 lb (106 kg),1997-07-02,Washington,Phoenix Suns,Pacific,Western
G/F,3,"Dudley, Jared",6 ft 7 in (2.01 m),225 lb (102 kg),1985-07-10,Boston College,Phoenix Suns,Pacific,Western
F,10,"Jones, Derrick",6 ft 7 in (2.01 m),190 lb (86 kg),1997-02-15,UNLV,Phoenix Suns,Pacific,Western
G,11,"Knight, Brandon",6 ft 3 in (1.91 m),195 lb (88 kg),1991-12-02,Kentucky,Phoenix Suns,Pacific,Western
C,21,"Len, Alex",7 ft 1 in (2.16 m),260 lb (118 kg),1993-06-16,Maryland,Phoenix Suns,Pacific,Western
G,14,"Price, Ronnie",6 ft 2 in (1.88 m),190 lb (86 kg),1983-06-21,Utah Valley State,Phoenix Suns,Pacific,Western
G/F,17,"Tucker, P. J.",6 ft 6 in (1.98 m),245 lb (111 kg),1985-05-05,Texas,Phoenix Suns,Pacific,Western
G,8,"Ulis, Tyler",5 ft 10 in (1.78 m),150 lb (68 kg),1996-01-05,Kentucky,Phoenix Suns,Pacific,Western
F,12,"Warren, T. J.",6 ft 8 in (2.03 m),225 lb (102 kg),1993-09-05,North Carolina State,Phoenix Suns,Pacific,Western
F/C,15,"Williams, Alan",6 ft 8 in (2.03 m),260 lb (118 kg),1993-01-28,UC Santa Barbara,Phoenix Suns,Pacific,Western
G/F,40,"Afflalo, Arron",6 ft 5 in (1.96 m),210 lb (95 kg),1985-10-15,UCLA,Sacramento Kings,Pacific,Western
F,22,"Barnes, Matt",6 ft 7 in (2.01 m),226 lb (103 kg),1980-03-09,UCLA,Sacramento Kings,Pacific,Western
F,18,"Casspi, Omri",6 ft 9 in (2.06 m),225 lb (102 kg),1988-06-22,Israel,Sacramento Kings,Pacific,Western
C,0,"Cauley-Stein, Willie",7 ft 0 in (2.13 m),240 lb (109 kg),1993-08-18,Kentucky,Sacramento Kings,Pacific,Western
G,7,"Collison, Darren",6 ft 0 in (1.83 m),175 lb (79 kg),1987-08-23,UCLA,Sacramento Kings,Pacific,Western
C,15,"Cousins, DeMarcus (C / S)",6 ft 11 in (2.11 m),270 lb (122 kg),1990-08-13,Kentucky,Sacramento Kings,Pacific,Western
F,8,"Gay, Rudy",6 ft 8 in (2.03 m),230 lb (104 kg),1986-08-17,Connecticut,Sacramento Kings,Pacific,Western
C,41,"Koufos, Kosta",7 ft 0 in (2.13 m),265 lb (120 kg),1989-02-24,Ohio State,Sacramento Kings,Pacific,Western
F/C,3,"Labissière, Skal",6 ft 11 in (2.11 m),225 lb (102 kg),1996-03-18,Kentucky,Sacramento Kings,Pacific,Western
G,10,"Lawson, Ty",5 ft 11 in (1.80 m),195 lb (88 kg),1987-11-03,North Carolina,Sacramento Kings,Pacific,Western
G,23,"McLemore, Ben",6 ft 5 in (1.96 m),195 lb (88 kg),1993-02-11,Kansas,Sacramento Kings,Pacific,Western
C,13,"Papagiannis, Georgios",7 ft 1 in (2.16 m),240 lb (109 kg),1997-07-03,American School (GRE),Sacramento Kings,Pacific,Western
G,5,"Richardson, Malachi",6 ft 6 in (1.98 m),205 lb (93 kg),1996-01-05,Syracuse,Sacramento Kings,Pacific,Western
G,17,"Temple, Garrett",6 ft 6 in (1.98 m),195 lb (88 kg),1986-05-08,LSU,Sacramento Kings,Pacific,Western
F,43,"Tolliver, Anthony",6 ft 8 in (2.03 m),240 lb (109 kg),1985-06-01,Creighton,Sacramento Kings,Pacific,Western